Herkunftsland, Asyl Art. 16a GG u. Fam.Asyl, (GFK) Fluechtlingsschutz, Subsidiaerer Schutz, Abschiebungsverbot, Ablehnungen 
Herkunftslaender gesamt,81,23681,2113,6611,47140
Syrien,23,18571,141,335,11688
Afghanistan,8,1010,1219,5001,4589
Irak,0,499,196,235,4701
Pakistan,0,589,17,46,2828
Albanien,0,1,28,81,2289
Kosovo,0,3,7,115,1902
Serbien,0,6,0,45,1654
Russische Foed.,2,68,58,74,1457
Iran,16,738,17,22,841
Mazedonien,0,4,1,34,1348
Nigeria,5,22,0,77,1152
Ukraine,0,4,6,9,1192
Ungeklaert,1,623,19,16,488
